artist_id,name,type,album_name,gender,album_year,album_id,album_format,album_format_2
1,The Persuader,artist,Kaos,electronic,1997,20209,"10""",Vinyl
1,The Persuader,artist,Snorkelmannen Ø Hans Vänner,electronic,1997,62584,"12""",Vinyl
1,The Persuader,artist,Stockholm By Night,electronic,1997,321212,varios,undefined
1,The Persuader,artist,City Of Islands,electronic,1998,4242,varios,undefined
1,The Persuader,artist,Pleasure,electronic,1998,4250,varios,undefined
1,The Persuader,artist,Morgon Sol,electronic,1998,374577,varios,undefined
1,The Persuader,artist,A View From Slussen,electronic,1998,3506685,varios,undefined
1,The Persuader,artist,Stockholm,electronic,1999,24200,CD,CD
1,The Persuader,artist,Stockholm,electronic,1999,1660109,varios,undefined
1,The Persuader,artist,Central Bron,electronic,2001,2466976,varios,undefined
1,The Persuader,artist,Autumn Leaves EP,electronic,2013,863513,varios,undefined
1,The Persuader,artist,Fusion Of Thoughts,electronic,2013,637047,varios,undefined
1,The Persuader,artist,The Persuader EP1,electronic,2014,5516176,"12"", EP",Vinyl
1,The Persuader,artist,The Persuader EP2,electronic,2014,5841765,"12"", EP",Vinyl
1,The Persuader,artist,The Persuader EP3,electronic,2014,6146433,"12"", EP",Vinyl
1,The Persuader,artist,Skargard,electronic,2015,827783,varios,undefined
1,The Persuader,artist,Vårblommor,electronic,2015,926124,varios,undefined
1,The Persuader,artist,Himmel Röd,electronic,2016,8296032,"12""",Vinyl
1,The Persuader,artist,Arrival,electronic,2017,10392503,"12""",Vinyl
1,The Persuader,artist,Aftermath,electronic,2017,11334732,"12""",Vinyl
1,The Persuader,artist,Strange Idols 004,electronic,2017,12855756,"3xFile, MP3, EP",
1,The Persuader,artist,Cosmic Isolation EP,electronic,2019,13392912,"12"", EP, Ltd",Vinyl
1,The Persuader,artist,The Truth EP,electronic,2024,31709663,"12"", EP",Vinyl
1,The Persuader,artist,Live @ The Traxx,electronic,1997,12526186,"Cass, Mixed, Promo, C90",
1,The Persuader,artist,Loves You All Night And Day,electronic,1997,1157881,varios,undefined
1,The Persuader,artist,The Big Bang Theory,electronic,1997,169563,varios,undefined
1,The Persuader,artist,The Lords Of Svek Vol. 4,electronic,1998,5955,CD,CD
1,The Persuader,artist,That Smarts!,electronic,1998,31022215,"Cass, Mixed, Promo, C90",
1,The Persuader,artist,Diskophrenia Remixes,electronic,1998,1042102,varios,undefined
1,The Persuader,artist,Chill On Kaos Volume Two,electronic,2001,229135,CD,CD
1,The Persuader,artist,Raw Essentials,electronic,2008,2629499,CD,CD
1,The Persuader,artist,Volume 1-4 - Live At Robert Johnson,electronic,2010,2219613,CD,CD
1,The Persuader,artist,Live At Robert Johnson,electronic,2010,944234,varios,undefined
1,The Persuader,artist,My Busted SH-101,electronic,2014,5468479,"12""",Vinyl
1,The Persuader,artist,Guitarra Trina,electronic,2014,5885934,"12""",Vinyl
1,The Persuader,artist,Soppåsar / 5 Months Later,electronic,2015,6699352,"12""",Vinyl
1,The Persuader,artist,Diffused Light Vol. 1,electronic,2015,2388250,varios,undefined
1,The Persuader,artist, Heart (Remixes)  ,electronic,2015,1723086,varios,undefined
1,The Persuader,artist,Capricorn Meets Leo,electronic,2016,8321965,"12""",Vinyl
1,The Persuader,artist,Welcome To The Present Remixe,electronic,2016,15490621,"5xFile, WAV, Single",
1,The Persuader,artist,Consistency Remixes ,electronic,2016,1644222,varios,undefined
1,The Persuader,artist,Water Colors EP,electronic,2017,2303872,varios,undefined
1,The Persuader,artist,Odd Even Red One,electronic,2018,11940415,"10x12"", Ltd, Red",Vinyl
1,The Persuader,artist,KaRavan - Heartfulness,electronic,2018,24489959,CD,CD
1,The Persuader,artist,Soft Serve Angel EP,electronic,2020,15695576,"12"", EP, Ltd",Vinyl
1,The Persuader,artist,Silent Ghost,electronic,2021,21237538,"3xFile, MP3, EP, 320",
1,The Persuader,artist,"Yeah, No, 4 Sure",electronic,2021,29463514,"6xFile, WAV, EP",
1,The Persuader,artist,City Of Bridges,electronic,2021,2567561,varios,undefined
1,The Persuader,artist,CTRL008,electronic,2022,27077919,"2xFile, MP3, EP, 320",
2,Mr. James Barth & A.D.,vendor,Knockin' Boots Vol 1 And 2,no description,1998,84883,CD,CD
2,Mr. James Barth & A.D.,vendor,Knockin' Boots (Vol 1 Of 2),no description,1998,713737,varios,undefined
2,Mr. James Barth & A.D.,vendor,Knockin' Boots (Vol 2 Of 2),no description,1998,713738,varios,undefined
2,Mr. James Barth & A.D.,artist,The Lords Of Svek Vol. 4,electronic,1998,5955,CD,CD
2,Mr. James Barth & A.D.,vendor,The Button Down Mind Of Daniel Bell,no description,2000,407163,varios,undefined
2,Mr. James Barth & A.D.,vendor,Seven Years Of Svek Collection One,no description,2003,167072,CD,CD
2,Mr. James Barth & A.D.,vendor,4/4 : Volume I,no description,2010,2295159,"File, MP3, Comp, Mix",
2,Mr. James Barth & A.D.,vendor,LWE Podcast 107,no description,2011,3999196,"File, MP3, Mixed, 320",
2,Mr. James Barth & A.D.,vendor,Remastered,no description,2019,24734435,"27xFile, WAV, Comp, RM",
2,Mr. James Barth & A.D.,vendor,The Button Down Mind Of Daniel Bell,no description,2000,407163,varios,undefined
3,Josh Wink,artist,Untitled,electronic,1992,3142158,varios,undefined
3,Josh Wink,artist,Nervous Build-Up,electronic,1993,388859,varios,undefined
3,Josh Wink,artist,Liquid Summer,electronic,1994,129764,"12""",Vinyl
3,Josh Wink,artist,How's The Music,electronic,1994,75964,varios,undefined
3,Josh Wink,artist,Thoughts Of A Tranced Love,electronic,1994,86636,varios,undefined
3,Josh Wink,artist,Meditation Will Manifest,electronic,1994,86666,varios,undefined
3,Josh Wink,artist,Don't Laugh,electronic,1995,86619,varios,undefined
3,Josh Wink,artist,"United DJs Of America, Vol. 3: Philadelphia, PA",electronic,1995,86633,varios,undefined
3,Josh Wink,artist,Hypnotizin',electronic,1995,86649,varios,undefined
3,Josh Wink,artist,I'm Ready,electronic,1995,86703,varios,undefined
3,Josh Wink,artist,Don't Laugh But Lick It,electronic,1995,62199,varios,undefined
3,Josh Wink,artist,Higher State Of Consciousness,electronic,1995,45817,varios,undefined
3,Josh Wink,artist,Stairway To Headphones,electronic,1995,3607505,varios,undefined
3,Josh Wink,artist,EP,electronic,1996,4712479,CD,CD
3,Josh Wink,artist,Basketball Heroes vs. Stairway To Headphones (Remixes),electronic,1996,1786205,varios,undefined
3,Josh Wink,artist,A Higher State Of Wink's Works - Compiled,electronic,1996,86639,varios,undefined
3,Josh Wink,artist,Are You There...,electronic,1996,86642,varios,undefined
3,Josh Wink,artist,Left Above The Clouds,electronic,1996,86652,varios,undefined
3,Josh Wink,artist,You Are The One,electronic,1996,86654,varios,undefined
3,Josh Wink,artist,Verano Azul,electronic,1997,44002,"12"", S/Edition",Vinyl
3,Josh Wink,artist,"CNN News Piece ""Techno Music"" / Are You There",electronic,1997,10868263,"VHS, Advance, NTSC",DVD_VHS
3,Josh Wink,artist,Summer '97,electronic,1997,11129270,"Cass, Mixed",Cassette
3,Josh Wink,artist,Sixth Sense,electronic,1997,86669,varios,undefined
3,Josh Wink,artist,Live Mix,electronic,1998,306438,"Cass, Mixed, Promo",
3,Josh Wink,artist,Track 9,electronic,1998,164535,varios,undefined
3,Josh Wink,artist,Herehear,electronic,1998,30529,varios,undefined
3,Josh Wink,artist,Simple Man,electronic,1998,30566,varios,undefined
3,Josh Wink,artist,Untitled / Pop Culture,electronic,1999,515159,"12"", Ltd, Promo, Smplr, W/Lbl",Vinyl
3,Josh Wink,artist,Profound Sounds Vol. 1,electronic,1999,15016601,"12"", W/Lbl",Vinyl
3,Josh Wink,artist,Profound Sounds Vol. 1,electronic,1999,66526,varios,undefined
3,Josh Wink,artist,How's Your Evening So Far?,electronic,2000,86677,varios,undefined
3,Josh Wink,artist,It's The Machines,electronic,2001,109626,"12"", S/Sided, Promo, TP",Vinyl
3,Josh Wink,artist,Headstart Mix,electronic,2001,1842133,CD,CD
3,Josh Wink,artist,Evil Acid,electronic,2001,86681,varios,undefined
3,Josh Wink,artist,Superfreak (Freak),electronic,2002,86701,varios,undefined
3,Josh Wink,artist,20 To 20,electronic,2003,86664,varios,undefined
3,Josh Wink,artist,Profound Sounds Vol. 2,electronic,2003,64791,varios,undefined
3,Josh Wink,artist,Fill Me With Acid / Oakish,electronic,2004,634880,varios,undefined
3,Josh Wink,artist,Ovum: The Fall Collection,electronic,2004,561533,varios,undefined
3,Josh Wink,artist,Rise Above / F-Groove,electronic,2004,33429,varios,undefined
3,Josh Wink,artist,516 Acid,electronic,2004,122763,varios,undefined
3,Josh Wink,artist,Higher State Of Consciousness (Remix) / Green Jam,electronic,2005,495277,"12""",Vinyl
3,Josh Wink,artist,Seeing Through Shadows / Have To Get Back,electronic,2006,736487,"12"", Promo",Vinyl
3,Josh Wink,artist,Have To Get Back (Non Vox Version),electronic,2006,1062446,"12"", S/Sided, Promo",Vinyl
3,Josh Wink,artist,Profound Sounds Vol. 3,electronic,2006,86692,varios,undefined
3,Josh Wink,artist,Josh Wink's Acid Classics,electronic,2007,741986,varios,undefined
3,Josh Wink,artist,Thick As Thieves,electronic,2007,86682,varios,undefined
3,Josh Wink,artist,Swirl,electronic,2007,271196,varios,undefined
3,Josh Wink,artist,Stay Out All Night,electronic,2008,86685,varios,undefined
3,Josh Wink,artist,When A Banana Was Just A Banana (Album Sampler),electronic,2009,1611199,"2x12"", Smplr",Vinyl
4,Johannes Heil,artist,Die Offenbarung,electronic,1996,202664,varios,undefined
4,Johannes Heil,artist,Der Tod,electronic,1997,619523,varios,undefined
4,Johannes Heil,artist,Bittersüss,electronic,1997,979645,varios,undefined
4,Johannes Heil,artist,No Gain No Pain RMXes,electronic,1997,214867,varios,undefined
4,Johannes Heil,artist,Amen,electronic,1997,1265525,varios,undefined
4,Johannes Heil,artist,Feiern,electronic,1997,45535,varios,undefined
4,Johannes Heil,artist,Reality To Midi,electronic,1998,27140,varios,undefined
4,Johannes Heil,artist,Sniper EP,electronic,1998,27143,varios,undefined
4,Johannes Heil,artist,Amerika,electronic,1998,282168,varios,undefined
4,Johannes Heil,artist,P.A.X.,electronic,1998,690255,varios,undefined
4,Johannes Heil,artist,Calling,electronic,1998,454509,varios,undefined
4,Johannes Heil,artist,Per Disciplinum Mea Lux Videbis,electronic,1998,549824,varios,undefined
4,Johannes Heil,artist,Die Eigene Achse,electronic,1998,27122,varios,undefined
4,Johannes Heil,artist,Let The Time Go By !?!,electronic,1999,265032,"12"", S/Sided, Etch, Ltd",Vinyl
4,Johannes Heil,artist,Illuminate The Planet,electronic,1999,27138,varios,undefined
4,Johannes Heil,artist,German Rebel,electronic,1999,690305,varios,undefined
4,Johannes Heil,artist,The Eye Of Providence,electronic,1999,486671,varios,undefined
4,Johannes Heil,artist,Who Am I,electronic,1999,1823556,varios,undefined
4,Johannes Heil,artist,Isis & Osiris,electronic,2000,5442,"12""",Vinyl
4,Johannes Heil,artist,Future Primitive,electronic,2000,27136,varios,undefined
4,Johannes Heil,artist,Future Primitive,electronic,2000,608955,varios,undefined
4,Johannes Heil,artist,Dark Eldar,electronic,2001,5604,"12""",Vinyl
4,Johannes Heil,artist,Der Löwe Von Judah,electronic,2001,19281,"2x12"", W/Lbl",Vinyl
4,Johannes Heil,artist,Feiern,electronic,2001,285881,varios,undefined
4,Johannes Heil,artist,Die Zahl Des Tieres,electronic,2001,3357553,varios,undefined
4,Johannes Heil,artist,Die Formel Der Liebe,electronic,2001,784311,varios,undefined
4,Johannes Heil,artist,20.000 Leagues Under The Skin,electronic,2002,282166,varios,undefined
4,Johannes Heil,artist,The Hitmachine,electronic,2002,975628,varios,undefined
4,Johannes Heil,artist,Paranoid Dancer,electronic,2002,27124,varios,undefined
4,Johannes Heil,artist,Heilstyle,electronic,2002,27132,varios,undefined
4,Johannes Heil,artist,The Hitmachine 2,electronic,2003,443775,varios,undefined
4,Johannes Heil,artist,20.000 Leagues Under The Skin,electronic,2003,27129,varios,undefined
4,Johannes Heil,artist,Essential Underground Vol. 08: Vienna / FFM,electronic,2004,254652,CD,CD
4,Johannes Heil,artist,P.D.D.,electronic,2004,252446,varios,undefined
4,Johannes Heil,artist,The Seventh Seal,electronic,2004,282167,varios,undefined
4,Johannes Heil,artist,The World,electronic,2004,27198,varios,undefined
4,Johannes Heil,artist,Changes / The World,electronic,2004,640128,varios,undefined
4,Johannes Heil,artist,Fear E.P.,electronic,2005,498285,varios,undefined
4,Johannes Heil,artist,The Magician & The Fool,electronic,2005,585383,varios,undefined
4,Johannes Heil,artist,Don't Stop!,electronic,2005,660179,varios,undefined
4,Johannes Heil,artist,The Remedy Presents - Love Part One / Love Part Two,electronic,2005,484682,varios,undefined
4,Johannes Heil,artist,The Seven Seals Of Revelation Chapter Two,electronic,2005,353615,varios,undefined
4,Johannes Heil,artist,Dejavu,electronic,2005,45564,varios,undefined
4,Johannes Heil,artist,Boo,electronic,2006,782263,"12""",Vinyl
4,Johannes Heil,artist,PDD / Think Tank,electronic,2006,852624,"12""",Vinyl
4,Johannes Heil,artist,Freaks R Us,electronic,2006,27203,varios,undefined
4,Johannes Heil,artist,The * Is Back,electronic,2006,27209,varios,undefined
4,Johannes Heil,artist,Remix R Us Pt.1,electronic,2006,314037,varios,undefined
4,Johannes Heil,artist,Freaks R Us,electronic,2006,233845,varios,undefined
4,Johannes Heil,artist,Remix R Us Pt.2,electronic,2007,234094,varios,undefined
5,Heiko Laux,artist,Re-Laux,no description,1994,131819,"12""",Vinyl
5,Heiko Laux,artist,Gnom's Boogie EP,no description,1995,26635,"12"", EP",Vinyl
5,Heiko Laux,artist,Sahara Effects,no description,1995,27148,varios,undefined
5,Heiko Laux,artist,Tieup To Machines,no description,1995,75812,varios,undefined
5,Heiko Laux,artist,Run EP,no description,1995,658180,varios,undefined
5,Heiko Laux,artist,Mainplateau EP,no description,1996,867858,varios,undefined
5,Heiko Laux,artist,Moonside Playground,no description,1996,1158233,varios,undefined
5,Heiko Laux,artist,There Is No Return,no description,1997,867855,varios,undefined
5,Heiko Laux,artist,Dedicated 2 All Believers,no description,1997,27275,varios,undefined
5,Heiko Laux,artist,Crashed Candies,no description,1997,1070766,varios,undefined
5,Heiko Laux,artist,No Gain No Pain RMXes,no description,1997,214867,varios,undefined
5,Heiko Laux,artist,The Old School Street Previous,no description,1998,64776,"12""",Vinyl
5,Heiko Laux,artist,The Oldschoolstreet,no description,1998,27265,varios,undefined
5,Heiko Laux,artist,Liquidism,no description,1998,27272,varios,undefined
5,Heiko Laux,artist,Souldancer,no description,1998,27284,varios,undefined
5,Heiko Laux,artist,Re-Televised,no description,1998,686384,varios,undefined
5,Heiko Laux,artist,Classic Open - Heiko Laux Mix,no description,1999,69763,CD,CD
5,Heiko Laux,artist,Presence,no description,1999,374841,varios,undefined
5,Heiko Laux,artist,SenseficTion,no description,2000,27287,varios,undefined
5,Heiko Laux,artist,SenseficTion Remixed,no description,2000,443773,varios,undefined
5,Heiko Laux,artist,Walkout,no description,2001,1471598,varios,undefined
5,Heiko Laux,artist,Falling,no description,2001,743162,varios,undefined
5,Heiko Laux,artist,Ornaments (Re-Inhaled),no description,2002,41626,"12""",Vinyl
5,Heiko Laux,artist,Temp. Space,no description,2002,67754,CD,CD
5,Heiko Laux,artist,Tyranids,no description,2002,79365,"12""",Vinyl
5,Heiko Laux,artist,Eartha Kitt,no description,2002,2112,varios,undefined
5,Heiko Laux,artist,Ornaments,no description,2002,27288,varios,undefined
5,Heiko Laux,artist,Somatic EP,no description,2002,80126,varios,undefined
5,Heiko Laux,artist,The Silent Bass,no description,2002,1514942,varios,undefined
5,Heiko Laux,artist,Still Lively,no description,2003,2167894,varios,undefined
5,Heiko Laux,artist,Offshore Funk,no description,2003,27289,varios,undefined
5,Heiko Laux,artist,Matter Anthem,no description,2003,366955,varios,undefined
5,Heiko Laux,artist,Spread,no description,2005,27296,varios,undefined
5,Heiko Laux,artist,Bouncism / Matter Anthem (Remix),no description,2005,1070815,varios,undefined
5,Heiko Laux,artist,Waves,no description,2006,27301,varios,undefined
5,Heiko Laux,artist,Waves Remixed,no description,2007,27293,varios,undefined
5,Heiko Laux,artist,Mirabella / Zeitluke,no description,2008,1296901,"12""",Vinyl
5,Heiko Laux,artist,Dubfix,no description,2008,774636,varios,undefined
5,Heiko Laux,artist,Bitscream,no description,2009,1716503,"12""",Vinyl
5,Heiko Laux,artist,Hutspot / Stamppot,no description,2009,349404,varios,undefined
5,Heiko Laux,artist,Figure SPC H,no description,2010,287508,varios,undefined
5,Heiko Laux,artist,Can't Unspill The Milk,no description,2011,3057314,"5xFile, MP3, 320",
5,Heiko Laux,artist,The Cat On Barbed Wire,no description,2011,381218,varios,undefined
5,Heiko Laux,artist,The Viking,no description,2011,401732,varios,undefined
5,Heiko Laux,artist,Guadaloop / Namib,no description,2011,409471,varios,undefined
5,Heiko Laux,artist,Girl / Jack Up,no description,2012,3843531,"2xFile, MP3, 320",
5,Heiko Laux,artist,Polyrhythm,no description,2012,400769,varios,undefined
5,Heiko Laux,artist,Splinter,no description,2013,4776914,"12"", EP",Vinyl
5,Heiko Laux,artist,Lucho Part 1 & 2,no description,2013,5062337,"12""",Vinyl
5,Heiko Laux,artist,Moonside Playground 2013,no description,2013,676419,varios,undefined
6,K.A.B.,vendor,Excursion,no description,2012,4954222,"3xFile, MP3, 320",
6,K.A.B.,vendor,Tours 2 Chauffe,no description,2007,30355991,CD,CD
7,Sylk 130,vendor,Gettin' Into It,no description,1996,86847,varios,undefined
7,Sylk 130,vendor,When The Funk Hits The Fan,no description,1997,86822,varios,undefined
7,Sylk 130,vendor,Last Night A DJ Saved My Life,no description,1997,86836,varios,undefined
7,Sylk 130,vendor,The Reason / When The Funk Hits The Fan,no description,1997,86845,varios,undefined
7,Sylk 130,vendor,The Reason,no description,1998,86829,varios,undefined
7,Sylk 130,vendor,The Reason / Gettin' Into It,no description,1998,86862,varios,undefined
7,Sylk 130,vendor,When The Funk Hits The Fan (The Remixes),no description,1999,86824,varios,undefined
7,Sylk 130,vendor,When The Funk Hits The Fan (The Remixes),no description,1999,275960,varios,undefined
7,Sylk 130,vendor,Happiness,no description,2000,86814,varios,undefined
7,Sylk 130,artist,Rising,house,2001,86803,varios,undefined
7,Sylk 130,vendor,Re-Members Only,no description,2001,86809,varios,undefined
7,Sylk 130,vendor,I Can't Wait / Romeo's Fate,no description,2002,443608,"12""",Vinyl
7,Sylk 130,vendor,I Can't Wait,no description,2004,3599228,varios,undefined
7,Sylk 130,vendor,Fallen Angel,no description,2008,2124710,"2xFile, MP3, Single, VBR",
7,Sylk 130,vendor,Four From For,no description,1993,636787,CD,CD
7,Sylk 130,vendor,Lift Me / Yeadon,no description,1995,4280,"12""",Vinyl
7,Sylk 130,vendor,Dream House,no description,1996,683545,varios,undefined
7,Sylk 130,vendor,I Love You Always Forever,no description,1996,83741,varios,undefined
7,Sylk 130,vendor,Heaven (Remixes),no description,1998,165006,varios,undefined
7,Sylk 130,vendor,"I Love The Nightlife (Disco Round) - 12"" Remixes",no description,1998,113729,varios,undefined
7,Sylk 130,vendor,Easy,no description,1999,29792920,CD,CD
7,Sylk 130,vendor,"My House Vol. 05 – A House Music Compilation By DJ Jef K, Paris",no description,2000,48765,CD,CD
7,Sylk 130,vendor,Macy Gray,no description,2000,135548,CD,CD
7,Sylk 130,vendor,Off Limits 2,no description,2000,2467072,varios,undefined
7,Sylk 130,vendor,Disco Jazz Volume 1: Jazz For The House Generation,no description,2003,542947,CD,CD
7,Sylk 130,vendor,Remixes,no description,2001,49997,CD,CD
7,Sylk 130,vendor,Blueprints Volume 2,no description,2002,196684,varios,undefined
7,Sylk 130,vendor,We Love DJ Kool Herc,no description,2011,5274196,CD,CD
7,Sylk 130,vendor,Brownswood Workshop - Multidirection 2,no description,1995,35896,varios,undefined
7,Sylk 130,vendor,"What's New, Linda?",no description,1996,4845837,CD,CD
7,Sylk 130,vendor,The Groove Of America 3,no description,1997,315808,CD,CD
7,Sylk 130,vendor,A Soul Product Of Our Environment,no description,1997,1435382,CD,CD
7,Sylk 130,vendor,House Junkies,no description,1997,2313481,CD,CD
7,Sylk 130,vendor,Aug. / Sept. 1997 Limited Popkomm. Edition ,no description,1997,4983067,CD,CD
7,Sylk 130,vendor,Painting,no description,1997,10300092,CD,CD
7,Sylk 130,vendor,Ruffhouse Records - 1997 Hit List,no description,1997,14291212,"Cass, Promo, Smplr",Cassette
7,Sylk 130,vendor,R&B #18 - Bubblin',no description,1997,14758611,"Cass, Mixed",Cassette
7,Sylk 130,vendor,Teddy's Jam,no description,1997,15597751,"Cass, Comp",Cassette
7,Sylk 130,vendor,"What's New, Debbie?",no description,1997,15623713,CD,CD
7,Sylk 130,vendor,You Heard It First,no description,1997,17643742,CD,CD
7,Sylk 130,vendor,Major In Music - Play This,no description,1997,24402779,CD,CD
7,Sylk 130,vendor,Sony Music - Tavaszi Kereskedelmi Bemutató - 1997 Április,no description,1997,26625836,CD,CD
7,Sylk 130,vendor,Future Jams 64,no description,1997,28701067,CD,CD
7,Sylk 130,vendor,Hit's A Sony November '97,no description,1997,29883094,CD,CD
7,Sylk 130,vendor,Hit's A Sony - September '97,no description,1997,30711896,CD,CD
7,Sylk 130,vendor,Ovum Sampler,no description,1997,86704,varios,undefined
7,Sylk 130,vendor,Smokedown:2 Further Travels Into The Leftfield,no description,1998,459709,CD,CD
7,Sylk 130,vendor,Megamixes 183,no description,1998,566204,"12"", Ltd, P/Mixed",Vinyl
7,Sylk 130,vendor,Megamixes 184,no description,1998,568872,"12"", Ltd, P/Mixed",Vinyl
8,Mood II Swing,artist,Penetration / 8 Ways To Knock Down A Wall / I Need Your Luv (Right Now),house,1992,671977,varios,undefined
8,Mood II Swing,artist,You Can Take Me / During Peak Hours,house,1992,345674,varios,undefined
8,Mood II Swing,artist,The Kiss,house,1994,307695,"12""",Vinyl
8,Mood II Swing,artist,Closer,house,1994,159749,varios,undefined
8,Mood II Swing,artist,I Need A B--ch,house,1994,141689,varios,undefined
8,Mood II Swing,artist,The Scenic Route EP,house,1994,676242,varios,undefined
8,Mood II Swing,artist,Hump Night / Have U Ever,house,1994,738979,varios,undefined
8,Mood II Swing,artist,Chronic EP,house,1994,206607,varios,undefined
8,Mood II Swing,artist,Free To Live E.P.,house,1995,46759,"12"", EP",Vinyl
8,Mood II Swing,artist,Call Me (Remixes),house,1995,264253,varios,undefined
8,Mood II Swing,artist,Take Me Baby,house,1995,256831,varios,undefined
8,Mood II Swing,artist,Incredible (Unreleased Mixes),house,1995,355443,varios,undefined
8,Mood II Swing,artist,Move Me,house,1995,216494,varios,undefined
8,Mood II Swing,artist,Music 4 Ya Ears,house,1996,1458254,varios,undefined
8,Mood II Swing,artist,Do It Your Way,house,1996,168592,varios,undefined
8,Mood II Swing,artist,Searchin',house,1996,168595,varios,undefined
8,Mood II Swing,artist,Let The Sunshine,house,1996,175296,varios,undefined
8,Mood II Swing,artist,I See You Dancing,house,1996,206307,varios,undefined
8,Mood II Swing,artist,All Night Long With...,house,1997,236965,CD,CD
8,Mood II Swing,artist,Searchin' / Freestyle,house,1997,7123990,CD,CD
8,Mood II Swing,artist,All Night Long With...,house,1997,20953639,"Cass, Comp, Promo",
8,Mood II Swing,artist,Nervous Tracks Volume 2/5,house,1999,180511,varios,undefined
8,Mood II Swing,artist,The Slippery Track,house,2000,191702,varios,undefined
8,Mood II Swing,artist,Can't Get Away From You / Be Right!,house,2003,192254,CD,CD
8,Mood II Swing,artist,Can't Get Away,house,2003,168599,varios,undefined
8,Mood II Swing,artist,Can't Get Away From You,house,2003,216497,varios,undefined
8,Mood II Swing,artist,The Slippery Track / C Lime Woman,house,2004,297031,"12""",Vinyl
8,Mood II Swing,artist,I Got Love,house,2004,9108,varios,undefined
8,Mood II Swing,artist,Closer / Too Close,house,2005,450332,"12""",Vinyl
8,Mood II Swing,artist,Magical Life,house,2005,901217,varios,undefined
8,Mood II Swing,artist,Passing Time,house,2007,168596,varios,undefined
8,Mood II Swing,artist,It's Gonna Work Out,house,2007,216498,varios,undefined
8,Mood II Swing,artist,Reach 4 You,house,2008,168593,varios,undefined
8,Mood II Swing,artist,'Core' 中心 /.1994\ : Sunlight In My Eyes,house,2010,2533455,"12"", S/Sided",Vinyl
8,Mood II Swing,artist,Closer / Your Soul On Mine (Spencer Parker Remixes),house,2012,4034454,"12""",Vinyl
8,Mood II Swing,artist,House Legends,house,2012,16334442,"18xFile, WAV, Comp",
8,Mood II Swing,artist,House Legends,house,2012,946282,varios,undefined
8,Mood II Swing,artist,'Core' 中心 /.1992\ : I Need Your Luv / Penetration,house,2013,4796158,"12""",Vinyl
8,Mood II Swing,artist,Critical / I Need Your Love,house,2013,6118811,"4xFile, WAV, RM",
8,Mood II Swing,artist,Closer / Holding On To Your Love (Acid Mondays Remixes),house,2015,7605491,"2xFile, MP3, 320",
8,Mood II Swing,artist,Storybook,house,2015,1019103,varios,undefined
8,Mood II Swing,artist,Run To Me EP,house,2015,261450,varios,undefined
8,Mood II Swing,artist,FACT Mix 534,house,2016,8060914,"File, MP3, Mixed, 320",
8,Mood II Swing,artist,Strictly Mood II Swing Album Sampler,house,2016,8241317,"12""",Vinyl
8,Mood II Swing,artist,Strictly Mood II Swing,house,2016,950785,varios,undefined
8,Mood II Swing,artist,Keep On Pushing Harder,house,2017,707856,varios,undefined
8,Mood II Swing,artist,Mood II Swing Compilation With Bonus Dj Live Mix By Manny Cuevas,house,2018,12176653,"11xFile, WAV, Comp, RM",
8,Mood II Swing,artist,Deep Rooted,house,2018,15127366,"30xFile, FLAC, Comp + File, FLAC, Mixed",
8,Mood II Swing,artist,Deep Rooted (Album Sampler),house,2018,15903039,"2xFile, WAV",
8,Mood II Swing,artist,Get Up,house,2019,2527738,varios,undefined
9,Care Company,vendor,Dolphins,no description,2001,347951,CD,CD
9,Care Company,vendor,Untitled,no description,2001,1992848,CD,CD
9,Care Company,vendor,Gain Again,no description,2001,654237,varios,undefined
9,Care Company,vendor,Untitled,no description,2001,794894,varios,undefined
9,Care Company,vendor,In The Flow,no description,2001,193487,varios,undefined
9,Care Company,vendor,Gothic Compilation Part XIV,no description,2001,572892,CD,CD
9,Care Company,vendor,Sonic Seducer Cold Hands Seduction Vol. XII,no description,2001,598762,CD,CD
9,Care Company,vendor,ZilloScope: New Signs & Sounds 04/01,no description,2001,2897620,CD,CD
9,Care Company,vendor,ZilloScope: New Signs & Sounds 09/01,no description,2001,4288162,CD,CD
9,Care Company,vendor,MotorMusic Promo CD Februar 2001,no description,2001,16806735,CD,CD
9,Care Company,vendor,ZilloScope: New Signs & Sounds 02/03,no description,2003,1096064,CD,CD
9,Care Company,vendor,Presents Zeitmaschine Remixed,no description,2005,310471,varios,undefined
11,DJ Dozia,artist,Shape Shifter,house,1997,37345,"12""",Vinyl
11,DJ Dozia,artist,Pop Culture #1,house,1998,315660,varios,undefined
11,DJ Dozia,artist,Untitled / Pop Culture,house,1999,515159,"12"", Ltd, Promo, Smplr, W/Lbl",Vinyl
11,DJ Dozia,artist,The Ritual,house,2001,315661,varios,undefined
11,DJ Dozia,artist,Speaking In Love,house,2004,348080,"12""",Vinyl
11,DJ Dozia,artist,Oh A E Ya (The Chant),house,2005,830823,varios,undefined
11,DJ Dozia,artist,Pop Culture #1,house,2015,28863580,"3xFile, MP3, 320",
11,DJ Dozia,artist,I'm Lonely,house,1997,110413,varios,undefined
11,DJ Dozia,artist,Horny House,house,1998,1700949,CD,CD
11,DJ Dozia,artist,Pornstar,house,1998,143173,varios,undefined
11,DJ Dozia,artist,Relocation EP,house,1998,1474118,varios,undefined
11,DJ Dozia,artist,Swell,house,1998,452051,varios,undefined
11,DJ Dozia,artist,We Are Twisted!,house,1999,379411,varios,undefined
11,DJ Dozia,artist,We Are Twisted! (A Bit Of The Best And A Lot Of The New),house,1999,904651,varios,undefined
11,DJ Dozia,artist,Aurally Exciting Remixes,house,2000,92144,CD,CD
11,DJ Dozia,artist,Rocks Y2K - The Real Dance Club 2,house,2000,173736,CD,CD
11,DJ Dozia,artist,My House (DJ Dozia Remixes),house,2000,125950,varios,undefined
11,DJ Dozia,artist,Excursions 03,house,2001,80775,varios,undefined
11,DJ Dozia,artist,Rising,house,2001,86803,varios,undefined
11,DJ Dozia,artist,Northsoul,house,2002,2164700,CD,CD
11,DJ Dozia,artist,Promo Only Rhythm Club: June 02,house,2002,8134095,CD,CD
11,DJ Dozia,artist,Anyway (Men Are From Mars) (Remixes),house,2002,100767,varios,undefined
11,DJ Dozia,artist,Tumba,house,2002,413600,varios,undefined
11,DJ Dozia,artist,Merry 55 Round -a Remix Ep-,house,2003,30131222,CD,CD
11,DJ Dozia,artist,Paradise Inferno,house,2003,13722,varios,undefined
11,DJ Dozia,artist,New Funk Theory / Tonight,house,2003,113963,varios,undefined
11,DJ Dozia,artist,Tonight,house,2003,123483,varios,undefined
11,DJ Dozia,artist,Live @ Roxy 4,house,2005,672526,CD,CD
11,DJ Dozia,artist,Psykofuk,house,2005,76291,varios,undefined
11,DJ Dozia,artist,Star 69 Extended Mixes Vol. 6,house,2006,891182,CD,CD
11,DJ Dozia,artist,RA.242,house,2011,2659721,"File, MP3, Mixed, 160",
11,DJ Dozia,artist,25 Years Of Ovum,house,2019,14456324,"68xFile, MP3, Comp, 320",
11,DJ Dozia,artist,Work,house,2002,1567433,varios,undefined
11,DJ Dozia,artist,Pornstar,house,1998,143173,varios,undefined
11,DJ Dozia,artist,Swell,house,1998,452051,varios,undefined
11,DJ Dozia,artist,Restless / Skraten'Up,house,1999,1130681,varios,undefined
11,DJ Dozia,artist,Klugh,house,1999,1848666,varios,undefined
11,DJ Dozia,artist,Freedom,house,2002,55568,"12""",Vinyl
11,DJ Dozia,artist,Work,house,2002,1567433,varios,undefined
11,DJ Dozia,artist,Queen Club Paris - Summer 2003,house,2003,1285708,CD,CD
11,DJ Dozia,artist,Tonight: The FiveSixMixes,house,2003,123483,varios,undefined
11,DJ Dozia,artist,Late Night With King Britt,house,2005,1238925,CD,CD
11,DJ Dozia,artist,Re:Structured,house,2015,1757148,varios,undefined
11,DJ Dozia,artist,Deep 1er Aniversario,house,1998,5552892,CD,CD
11,DJ Dozia,artist,New York Afterhours (A Later Shade Of Deep Volume 1),house,1998,2454181,varios,undefined
11,DJ Dozia,artist,Profound Sounds Vol. 1,house,1999,66526,varios,undefined
11,DJ Dozia,artist,Headstart Mix,house,2001,1842133,CD,CD
11,DJ Dozia,artist,Boat Party 2001,house,2001,1271395,varios,undefined
11,DJ Dozia,artist,Black To The Future,house,2002,128296,varios,undefined
11,DJ Dozia,artist,TechHouse Session 01,house,2002,176698,varios,undefined
13,Blaze,artist,Yearnin',no description,1985,190112,"12""",Vinyl
13,Blaze,artist,Whatcha Gonna Do,no description,1986,11594,varios,undefined
13,Blaze,artist,If You Should Need A Friend,no description,1987,93190,varios,undefined
13,Blaze,artist,Can't Win For Losin',no description,1988,52665,varios,undefined
13,Blaze,artist,25 Years Later,no description,1990,93194,varios,undefined
13,Blaze,artist,We All Must Live Together,no description,1990,93628,varios,undefined
13,Blaze,artist,So Special,no description,1990,93652,varios,undefined
13,Blaze,artist,Why Can't We Live Together,no description,1993,655822,varios,undefined
13,Blaze,artist,#6 Hubert St.,no description,1993,93202,varios,undefined
13,Blaze,artist,#6 Hubert St.,no description,1994,2337643,varios,undefined
13,Blaze,artist,Live The Happy Life,no description,1994,124100,varios,undefined
13,Blaze,artist,Just A Little Different,no description,1994,93665,varios,undefined
13,Blaze,artist,The Klubhead E.P.,no description,1995,744150,varios,undefined
13,Blaze,artist,The Blaze Tracks E.P.,no description,1995,156573,varios,undefined
13,Blaze,artist,Brothers & Sisters,no description,1995,93268,varios,undefined
13,Blaze,artist,Fly Away,no description,1995,93598,varios,undefined
13,Blaze,artist,What Can U Do / Only You,no description,1996,5453066,CD,CD
13,Blaze,artist,Dancin',no description,1996,469013,varios,undefined
13,Blaze,artist,Love Comes Around,no description,1996,764419,varios,undefined
13,Blaze,artist,The Colour Funky EP (A Music Perspective),no description,1996,877376,varios,undefined
13,Blaze,artist,What Can U Do,no description,1996,93624,varios,undefined
13,Blaze,artist,Trans-Jazz EP,no description,1996,208347,varios,undefined
13,Blaze,artist,Directions,no description,1997,351009,varios,undefined
13,Blaze,artist,Feel The Music,no description,1997,709623,varios,undefined
13,Blaze,artist,Basic Blaze,no description,1997,93216,varios,undefined
13,Blaze,artist,Lovelee Dae,no description,1997,73016,varios,undefined
13,Blaze,artist,My Beat / Shakara (MAW Edit),no description,1998,22583831,"Acetate, 10""",Acetato
13,Blaze,artist,Seasons Of Love,no description,1998,391202,varios,undefined
13,Blaze,artist,My Beat,no description,1998,31918,varios,undefined
13,Blaze,artist,Innerside,no description,1998,87641,varios,undefined
13,Blaze,artist,Heavenly Stars / Wishing You Were Here (Joey Negro Mixes),no description,1999,20544301,"Acetate, 12""",Acetato
13,Blaze,artist,Cult Of Soul,no description,1999,1849779,varios,undefined
13,Blaze,artist,Pure Blaze,no description,1999,266695,varios,undefined
13,Blaze,artist,More Than Gold,no description,1999,1886796,varios,undefined
13,Blaze,artist,The Many Colours Of Blaze,no description,1999,195454,varios,undefined
13,Blaze,artist,Funky People,no description,1999,156577,varios,undefined
13,Blaze,artist,Blaze Productions,no description,1999,93256,varios,undefined
13,Blaze,artist,Wishing You Were Here,no description,1999,93619,varios,undefined
13,Blaze,artist,Elements Of Life,no description,2000,309696,varios,undefined
13,Blaze,artist,Home Is Where The Heart Is,no description,2000,283934,varios,undefined
13,Blaze,artist,Elevation,no description,2000,93597,varios,undefined
13,Blaze,artist,When I Fall In Love,no description,2000,93622,varios,undefined
13,Blaze,artist,Ekabo / Elements Of Life (Unreleased Mixes),no description,2000,93630,varios,undefined
13,Blaze,artist,Shine,no description,2001,62147,"12""",Vinyl
13,Blaze,artist,Fantasy,no description,2001,168130,varios,undefined
13,Blaze,artist,Pure Blaze 2,no description,2001,283006,varios,undefined
13,Blaze,artist,Lovely Ones,no description,2001,899501,varios,undefined
13,Blaze,artist,How Deep Is Your Love,no description,2001,309697,varios,undefined
13,Blaze,artist,Jump 4 Luv,no description,2001,124124,varios,undefined
13,Blaze,artist,Natural Blaze,no description,2001,93657,varios,undefined
14,Eight Miles High,artist,Two,"house, ambient, techno",1996,1478870,varios,undefined
14,Eight Miles High,artist,Eight Miles High,"house, ambient, techno",1996,624734,varios,undefined
14,Eight Miles High,artist,Chamber Musik,"house, ambient, techno",2000,360466,varios,undefined
14,Eight Miles High,artist,The End Of The Beginning,"house, ambient, techno",2000,711997,varios,undefined
14,Eight Miles High,artist,Katalog,"house, ambient, techno",2002,62247,varios,undefined
14,Eight Miles High,artist,Lost Tracks,"house, ambient, techno",2013,2048614,varios,undefined
14,Eight Miles High,artist,Freestyle Candies,"house, ambient, techno",1996,74644,CD,CD
14,Eight Miles High,artist,SIDA / My Last Granny,"house, ambient, techno",1997,3590312,varios,undefined
14,Eight Miles High,artist,Low Life Extensions,"house, ambient, techno",1997,44298,varios,undefined
14,Eight Miles High,artist,"Stitch, Poke (Remix)","house, ambient, techno",1997,587212,varios,undefined
14,Eight Miles High,artist,Lovelee Dae (Partwo),"house, ambient, techno",1997,73016,varios,undefined
14,Eight Miles High,artist,A New Perspective,"house, ambient, techno",1999,608961,varios,undefined
14,Eight Miles High,artist,Profound Sounds Vol. 1,"house, ambient, techno",1999,66526,varios,undefined
14,Eight Miles High,artist,You Don't Need A Weatherman (Remixed),"house, ambient, techno",2001,49178,"12""",Vinyl
14,Eight Miles High,artist,Fabric 15: Tyrant,"house, ambient, techno",2004,345177,varios,undefined
14,Eight Miles High,artist,World Dub Pastry,"house, ambient, techno",2004,204192,varios,undefined
14,Eight Miles High,artist,FACT Mix 395,"house, ambient, techno",2013,5483899,"File, MP3, Mixed, 320",
14,Eight Miles High,artist,Groove - The Compilation Volume 1,"house, ambient, techno",1996,109338,varios,undefined
14,Eight Miles High,artist,Mazzo Mixup,"house, ambient, techno",1996,6250,CD,CD
14,Eight Miles High,artist,Neuton Future Classics Two,"house, ambient, techno",1996,66234,CD,CD
14,Eight Miles High,artist,Freestyle Candies,"house, ambient, techno",1996,74644,CD,CD
14,Eight Miles High,artist,DJ Connection 6,"house, ambient, techno",1996,327834,CD,CD
14,Eight Miles High,artist,Techno Tribal Volume 2,"house, ambient, techno",1996,1008575,CD,CD
14,Eight Miles High,artist,Repérages Couleur 3 Vol 9 1994,"house, ambient, techno",1996,10005023,CD,CD
14,Eight Miles High,artist,Groove - The Compilation Vol. 1,"house, ambient, techno",1996,109338,varios,undefined
14,Eight Miles High,artist,Kraut 2000 - In Search Of A New Planet,"house, ambient, techno",1997,87317,CD,CD
14,Eight Miles High,artist,Lysergic Factory,"house, ambient, techno",1997,152618,CD,CD
14,Eight Miles High,artist,De Mot Ape,"house, ambient, techno",1998,12875313,"Cass, Mixed, Promo, C90",
14,Eight Miles High,artist,Sounds From The Electronic Lounge,"house, ambient, techno",1998,63631,varios,undefined
14,Eight Miles High,artist,House & Techno,"house, ambient, techno",1999,1055049,CD,CD
14,Eight Miles High,artist,Schaffelfieber,"house, ambient, techno",2000,27987,CD,CD
14,Eight Miles High,artist,DJ Mix 1/2,"house, ambient, techno",2000,64448,CD,CD
14,Eight Miles High,artist,Audiophonic Volume 03,"house, ambient, techno",2000,135044,CD,CD
14,Eight Miles High,artist,Intermission,"house, ambient, techno",2001,36048,CD,CD
14,Eight Miles High,artist,Sender Loops 24-2,"house, ambient, techno",2002,85205,"12""",Vinyl
14,Eight Miles High,artist,Love Family Trax,"house, ambient, techno",2002,94381,CD,CD
14,Eight Miles High,artist,89mm Minimum Movies: Offbeat,"house, ambient, techno",2003,2385280,"DVD, NTSC, cod",DVD_VHS
14,Eight Miles High,artist,Advanced Public Listening 01,"house, ambient, techno",2004,120511,varios,undefined
14,Eight Miles High,artist,Freestyle Candies Volume 2,"house, ambient, techno",2006,121643,varios,undefined
14,Eight Miles High,artist,Diamanten Und Raketen II,"house, ambient, techno",2008,1362396,CD,CD
14,Eight Miles High,artist,FACT Mix 395,"house, ambient, techno",2013,5483899,"File, MP3, Mixed, 320",
14,Eight Miles High,artist,Offcast #27: Forgotten Futures Mix,"house, ambient, techno",2014,5796851,"File, MP3, Mixed, 192",
14,Eight Miles High,artist,Nightshade #2,"house, ambient, techno",2015,12578108,"File, MP3, Mixed",
14,Eight Miles High,artist,RA.591,"house, ambient, techno",2017,11032950,"File, MP3, Mixed, 320",
14,Eight Miles High,artist,Profound Sounds Vol. 1,"house, ambient, techno",1999,66526,varios,undefined
14,Eight Miles High,artist,MP3 Collection: Рак - Музыкальный Гороскоп (Deep Techno),"house, ambient, techno",1999,9369505,CD,CD
16,Christian Smith,artist,Penetrate,"house, techno",1996,1455509,varios,undefined
16,Christian Smith,artist,Tri-Phase,"house, techno",1997,1270032,varios,undefined
16,Christian Smith,artist,Viking Style EP,"house, techno",1998,137272,"12"", EP",Vinyl
16,Christian Smith,artist,Goldrush,"house, techno",1998,93232,varios,undefined
16,Christian Smith,artist,Tronic Phunc EP,"house, techno",1998,97943,varios,undefined
16,Christian Smith,artist,Green Mamba EP,"house, techno",1998,717652,varios,undefined
16,Christian Smith,artist,BassFunk,"house, techno",1998,128860,varios,undefined
16,Christian Smith,artist,Mondial,"house, techno",1999,378129,varios,undefined
16,Christian Smith,artist,Tronic 12.5,"house, techno",1999,822097,varios,undefined
16,Christian Smith,artist,Millennium Masters Mix Vol.II,"house, techno",2000,2169322,CD,CD
16,Christian Smith,artist,Christian Smith,"house, techno",2000,29262988,CD,CD
16,Christian Smith,artist,Highrider,"house, techno",2000,45113,varios,undefined
16,Christian Smith,artist,Punani,"house, techno",2000,205996,varios,undefined
16,Christian Smith,artist,Mojito,"house, techno",2000,181628,varios,undefined
16,Christian Smith,artist,R United,"house, techno",2001,71234,varios,undefined
16,Christian Smith,artist,Tronic Treatment,"house, techno",2001,37993,varios,undefined
16,Christian Smith,artist,Live @ Womb 01: The Sound Of Tronic Treatment,"house, techno",2003,171007,CD,CD
16,Christian Smith,artist,Essential Underground Vol. 07 - EU07: New York City/London,"house, techno",2003,209981,CD,CD
16,Christian Smith,artist,Dirty Bass,"house, techno",2003,71237,varios,undefined
16,Christian Smith,artist,Ekspozicija 05. Tronic Treatment,"house, techno",2006,875607,CD,CD
16,Christian Smith,artist,Finca Dofi,"house, techno",2007,939186,"12""",Vinyl
16,Christian Smith,artist,For Your Ears Only,"house, techno",2008,1747432,CD,CD
16,Christian Smith,artist,Flyertalk / Friendly Skies,"house, techno",2008,136299,varios,undefined
16,Christian Smith,artist,Elixir,"house, techno",2009,1950966,"12""",Vinyl
16,Christian Smith,artist,Platform,"house, techno",2009,308230,varios,undefined
16,Christian Smith,artist,Air Miles,"house, techno",2009,290331,varios,undefined
16,Christian Smith,artist,Indecent Exposure,"house, techno",2009,1730655,varios,undefined
16,Christian Smith,artist,Almaviva / Cinnamon,"house, techno",2010,2159051,"2xFile, MP3, 320",
16,Christian Smith,artist,Beluga,"house, techno",2010,2193228,"12""",Vinyl
16,Christian Smith,artist,Break It Down,"house, techno",2010,2244235,"12""",Vinyl
16,Christian Smith,artist,Director's Cut,"house, techno",2010,2249572,CD,CD
16,Christian Smith,artist,Raveline Mix Sessions 020,"house, techno",2010,2278240,"File, MP3, Comp, Ltd, Mixed, 320",
16,Christian Smith,artist,Opus One,"house, techno",2010,2434624,"12""",Vinyl
16,Christian Smith,artist,The Price Of Freedom EP,"house, techno",2010,4295350,"2xFile, MP3, EP, 320",
16,Christian Smith,artist,Fidelidade,"house, techno",2010,15238972,"File, MP3, 320",
16,Christian Smith,artist,Automatic,"house, techno",2010,290330,varios,undefined
16,Christian Smith,artist,I Wanna Step Away,"house, techno",2010,1730695,varios,undefined
16,Christian Smith,artist,Clash Of Stars #01,"house, techno",2010,385817,varios,undefined
16,Christian Smith,artist,Keep On,"house, techno",2011,2847020,"12""",Vinyl
16,Christian Smith,artist,Cabecudas EP,"house, techno",2011,3005903,"12"", EP",Vinyl
16,Christian Smith,artist,Pitanga,"house, techno",2011,378712,varios,undefined
16,Christian Smith,artist,Mothership / Red Alert,"house, techno",2012,3580499,"12""",Vinyl
16,Christian Smith,artist,Carambola EP,"house, techno",2012,3625755,"2xFile, MP3, EP, 320",
16,Christian Smith,artist,My Love Is Systematic Vol. 5,"house, techno",2012,14576860,"File, MP3, Mixed, 320 + 16xFile, MP3, Comp, 320",
16,Christian Smith,artist,Get It Done,"house, techno",2012,497294,varios,undefined
16,Christian Smith,artist,NYC,"house, techno",2012,426154,varios,undefined
16,Christian Smith,artist,House This House,"house, techno",2012,458730,varios,undefined
16,Christian Smith,artist,Tronic 100,"house, techno",2013,4295339,"2xFile, MP3, 320",
16,Christian Smith,artist,Omakase,"house, techno",2013,4484974,"12"", Red",Vinyl
16,Christian Smith,artist,Omakase,"house, techno",2013,4484987,"12"", Blu",Vinyl
17,John Selway,artist,Keep On Climbin',"funk, pop, electronic, techno",1994,201768,varios,undefined
17,John Selway,artist,Untitled,"funk, pop, electronic, techno",1995,125457,varios,undefined
17,John Selway,artist,Real,"funk, pop, electronic, techno",1996,720084,varios,undefined
17,John Selway,artist,Mind Abduction,"funk, pop, electronic, techno",1997,3884101,"Cass, Mixed",Cassette
17,John Selway,artist,Untitled,"funk, pop, electronic, techno",1997,446768,varios,undefined
17,John Selway,artist,Rock Them Out / Little Happy Guy Saves Mankind,"funk, pop, electronic, techno",1997,210393,varios,undefined
17,John Selway,artist,In The Mix Electro,"funk, pop, electronic, techno",1998,373724,CD,CD
17,John Selway,artist,Everybody Dance,"funk, pop, electronic, techno",1998,353392,varios,undefined
17,John Selway,artist,Slide Into Your Space,"funk, pop, electronic, techno",1998,61737,varios,undefined
17,John Selway,artist,Zoids Vol. 2,"funk, pop, electronic, techno",1998,145845,varios,undefined
17,John Selway,artist,Versions,"funk, pop, electronic, techno",1999,1216541,varios,undefined
17,John Selway,artist,Supernatural / Beyond Comprehension,"funk, pop, electronic, techno",1999,1323564,varios,undefined
17,John Selway,artist,New People,"funk, pop, electronic, techno",1999,1433695,varios,undefined
17,John Selway,artist,Tronic 12.5,"funk, pop, electronic, techno",1999,822097,varios,undefined
17,John Selway,artist,Turbo,"funk, pop, electronic, techno",2000,165457,varios,undefined
17,John Selway,artist,CSM 4,"funk, pop, electronic, techno",2000,165460,varios,undefined
17,John Selway,artist,Rapture - Volume 1,"funk, pop, electronic, techno",2000,786154,varios,undefined
17,John Selway,artist,Digital Emotion / Turbo,"funk, pop, electronic, techno",2001,202078,"12""",Vinyl
17,John Selway,artist,Edge Of Now,"funk, pop, electronic, techno",2001,165458,varios,undefined
17,John Selway,artist,Edge Of Now,"funk, pop, electronic, techno",2001,172158,varios,undefined
17,John Selway,artist,Lightwave,"funk, pop, electronic, techno",2001,102166,varios,undefined
17,John Selway,artist,Digital Emotion,"funk, pop, electronic, techno",2001,649589,varios,undefined
17,John Selway,artist,Essential Underground Vol. 06: Berlin / New York,"funk, pop, electronic, techno",2003,149398,CD,CD
17,John Selway,artist,Danza 8.5,"funk, pop, electronic, techno",2003,229307,"12""",Vinyl
17,John Selway,artist,East Side Scientific EP,"funk, pop, electronic, techno",2003,2867,varios,undefined
17,John Selway,artist,Untitled,"funk, pop, electronic, techno",2004,259000,varios,undefined
17,John Selway,artist,Solas,"funk, pop, electronic, techno",2006,2874,varios,undefined
17,John Selway,artist,Nowhere,"funk, pop, electronic, techno",2006,2878,varios,undefined
17,John Selway,artist,Dream Stealer,"funk, pop, electronic, techno",2007,2896,varios,undefined
17,John Selway,artist,Avid Hustler,"funk, pop, electronic, techno",2009,1938861,"12""",Vinyl
17,John Selway,artist,Shake The Snow,"funk, pop, electronic, techno",2009,1405596,varios,undefined
17,John Selway,artist,Jazz Hands,"funk, pop, electronic, techno",2009,529804,varios,undefined
17,John Selway,artist,Less Scary EP,"funk, pop, electronic, techno",2010,2077607,"12""",Vinyl
17,John Selway,artist,Interplanetary Express EP,"funk, pop, electronic, techno",2010,2589005,"3xFile, MP3, EP, 320",
17,John Selway,artist,The Ocean Before Me,"funk, pop, electronic, techno",2010,949574,varios,undefined
17,John Selway,artist,Choo Got It,"funk, pop, electronic, techno",2011,2985943,"12"", EP",Vinyl
17,John Selway,artist,On Time,"funk, pop, electronic, techno",2013,5140558,"3xFile, MP3, EP",
17,John Selway,artist,CSM 1,"funk, pop, electronic, techno",2016,9905996,"3xFile, WAV",
17,John Selway,artist,Shimmerdown / SPQR,"funk, pop, electronic, techno",2017,1705307,varios,undefined
17,John Selway,artist,Defiance E.P. ,"funk, pop, electronic, techno",2018,1663501,varios,undefined
17,John Selway,artist,Light Language EP ,"funk, pop, electronic, techno",2019,1552162,varios,undefined
17,John Selway,artist,Real,"funk, pop, electronic, techno",2020,30840801,"3xFile, MP3, EP",
17,John Selway,artist,Interstellar Express,"funk, pop, electronic, techno",2021,20200381,"2xFile, WAV, Single",
17,John Selway,artist,Tronic Podcast 474 (Electro Set),"funk, pop, electronic, techno",2021,29236558,"File, MP3, Mixed",
17,John Selway,artist,Save The Robots,"funk, pop, electronic, techno",2022,3296761,varios,undefined
17,John Selway,artist,Blackout EP,"funk, pop, electronic, techno",2023,29418064,"3xFile, MP3, EP, 320",
17,John Selway,artist,Millennium Sound Remixes,"funk, pop, electronic, techno",2023,3178044,varios,undefined
17,John Selway,artist,Version 1.06,"funk, pop, electronic, techno",2023,3912611,"Cass, Mixed, Promo",
17,John Selway,artist,Spy,"funk, pop, electronic, techno",2023,34118,varios,undefined
19,Sound Associates,vendor,Essence 1,no description,1996,234326,varios,undefined
19,Sound Associates,vendor,Essence 2,no description,1997,1785487,varios,undefined
19,Sound Associates,vendor,Groovessence E.P.,no description,1998,1785493,varios,undefined
19,Sound Associates,vendor,Power Cuts,no description,1998,585418,varios,undefined
19,Sound Associates,vendor,Club Sandwich,no description,1998,262905,varios,undefined
19,Sound Associates,vendor,Rock The Beat / Slipstream,no description,1999,262906,varios,undefined
19,Sound Associates,vendor,Music,no description,2001,225576,varios,undefined
19,Sound Associates,vendor,Rise,no description,2002,1259501,varios,undefined
19,Sound Associates,vendor,Len Faki DJ Edits Volume III,no description,2014,877277,varios,undefined
19,Sound Associates,vendor,Illegal Techno 4,no description,1998,23477,CD,CD
19,Sound Associates,vendor,Ficken (The Sound Associates Pressure Cooker Mixes),no description,1998,25128,varios,undefined
19,Sound Associates,vendor,The Outer Limits (Sequence 23 Remixes),no description,1998,1837505,varios,undefined
19,Sound Associates,vendor,Cycle Remixes EP,no description,1999,468228,varios,undefined
19,Sound Associates,vendor,The Repaired Sequencer,no description,2000,264097,CD,CD
19,Sound Associates,vendor,The Repaired Sequencer EP,no description,2001,120823,varios,undefined
19,Sound Associates,vendor,The Sounds Of The Young Tradition,no description,1971,9641656,"LP, Album",
19,Sound Associates,vendor,Ficken (The Sound Associates Pressure Cooker Mixes),no description,1998,25128,varios,undefined
19,Sound Associates,vendor,Essential Selection '98,no description,1998,103048,varios,undefined
19,Sound Associates,vendor,In The Mix 4,no description,1999,15324,CD,CD
19,Sound Associates,vendor,Techno Rave,no description,1992,1368701,varios,undefined
19,Sound Associates,vendor,Solid Sounds [Format 2],no description,1996,98616,CD,CD
19,Sound Associates,vendor,Psychotrance 5,no description,1997,1513456,varios,undefined
19,Sound Associates,vendor,UK Space Techno Vol. V,no description,1998,15691,CD,CD
19,Sound Associates,vendor,I ♥ Techno - Edition Number Six,no description,1998,23310,CD,CD
19,Sound Associates,vendor,Techno Nations 8,no description,1998,63405,CD,CD
19,Sound Associates,vendor,Club Foundation,no description,1998,263384,CD,CD
19,Sound Associates,vendor,Dirty Feet,no description,1998,474727,CD,CD
19,Sound Associates,vendor,Essential Selection '98,no description,1998,103048,varios,undefined
19,Sound Associates,vendor,On Monoïd,no description,1999,8070,CD,CD
19,Sound Associates,vendor,In The Mix 4,no description,1999,15324,CD,CD
19,Sound Associates,vendor,Mirai (The Future),no description,1999,61131,varios,undefined
19,Sound Associates,artist,Profound Sounds Vol. 1,"house, ambient, techno",1999,66526,varios,undefined
19,Sound Associates,vendor,The Torture Chamber,no description,2000,13251,CD,CD
19,Sound Associates,vendor,Cream Resident,no description,2000,135802,varios,undefined
19,Sound Associates,vendor,Nocturnal Wonderland,no description,2001,53710,CD,CD
19,Sound Associates,vendor,Global Underground: Sampled,no description,2001,450645,CD,CD
19,Sound Associates,vendor,Global Underground Prototype > 4,no description,2001,203495,varios,undefined
19,Sound Associates,vendor,Technosis 3,no description,2002,254276,CD,CD
19,Sound Associates,vendor,Eukahouse vs Eukatech,no description,2002,335238,CD,CD
19,Sound Associates,vendor,U60311 Compilation Techno Division Vol. 5,no description,2005,483778,CD,CD
19,Sound Associates,vendor,Erratic Podcast 82,no description,2014,7730997,"File, MP3, Mixed, 320",
19,Sound Associates,vendor,Jerking Off In The Dial Up Era,no description,2014,25994602,"File, MP3, Mixed, 320",
19,Sound Associates,artist,Profound Sounds Vol. 1,"house, ambient, techno",1999,66526,varios,undefined
19,Sound Associates,artist,MP3 Collection: Рак - Музыкальный Гороскоп (Deep Techno),"house, ambient, techno",1999,9369505,CD,CD
19,Sound Associates,vendor,Global Underground Prototype > 4,no description,1999,203495,varios,undefined
20,Percy X,artist,Odyssey / RD600,no description,1995,37384,varios,undefined
20,Percy X,artist,- 3,no description,1995,37370,varios,undefined
20,Percy X,artist,X Trak 1,no description,1995,37373,varios,undefined
20,Percy X,artist,Spyx,no description,1996,37382,varios,undefined
20,Percy X,artist,Day 3 EP,no description,1996,37371,varios,undefined
20,Percy X,artist,Freeview Preview,no description,1997,2829311,varios,undefined
20,Percy X,artist,New Ground,no description,1998,749224,varios,undefined
20,Percy X,artist,User Friendly EP,no description,1998,268389,varios,undefined
20,Percy X,artist,Worklife EP,no description,1999,1145271,varios,undefined
20,Percy X,artist,Asphyx / RD600,no description,2000,10795,"12""",Vinyl
20,Percy X,artist,Gain,no description,2000,37378,varios,undefined
20,Percy X,artist,Break It Down,no description,2000,271818,varios,undefined
20,Percy X,artist,Maintain,no description,2000,37375,varios,undefined
20,Percy X,artist,Gain EP,no description,2001,37379,varios,undefined
20,Percy X,artist,Voyager EP,no description,2001,180103,varios,undefined
20,Percy X,artist,SOMA 2002 - Mispent Years / On A Day (Remix),no description,2002,52615,"12"", Ltd, Promo",
20,Percy X,artist,Mix,no description,2002,12487056,CD,CD
20,Percy X,artist,Where's The Music,no description,2002,37386,varios,undefined
20,Percy X,artist,Afterplan E.P.,no description,2002,163623,varios,undefined
20,Percy X,artist,Time To Jack,no description,2002,1109166,varios,undefined
20,Percy X,artist,On A Day (Remix),no description,2002,218164,varios,undefined
20,Percy X,artist,Zaytoon / Wrong Way Round,no description,2002,367859,varios,undefined
20,Percy X,artist,Lady Killer,no description,2003,37387,varios,undefined
20,Percy X,artist,Firewire Split Series Vol. 3,no description,2004,319349,"12""",Vinyl
20,Percy X,artist,Addicted,no description,2004,1723561,varios,undefined
20,Percy X,artist,Bug Rider,no description,2006,1464478,varios,undefined
20,Percy X,artist,Audiomer E.P.,no description,2006,113972,varios,undefined
20,Percy X,artist,Shake You Down,no description,2006,113973,varios,undefined
20,Percy X,artist,Soma 20 Ltd. 1,no description,2011,1178720,varios,undefined
20,Percy X,artist,X-Track (Soma 25 Remixes),no description,2017,9792093,"3xFile, MP3, 320",
20,Percy X,artist,IX,no description,1999,44230,"12""",Vinyl
20,Percy X,artist,Pressure Theme,no description,1999,3522700,varios,undefined
20,Percy X,artist,Stand Down,no description,1999,134195,varios,undefined
20,Percy X,artist,From Saturday To Sunday Volume 2,no description,2001,23403,CD,CD
20,Percy X,artist,Trainwreck,no description,2001,441556,varios,undefined
20,Percy X,artist,Scorpio Rising,no description,2002,92436,varios,undefined
20,Percy X,artist,Revibal EP,no description,2002,680627,varios,undefined
20,Percy X,artist,Hands Around My Throat,no description,2002,11735,varios,undefined
20,Percy X,artist,Impression E.P.,no description,2002,282360,varios,undefined
20,Percy X,artist,No Wave,no description,2003,167118,CD,CD
20,Percy X,artist,BMG Dance Compilation # 133,no description,2003,4490196,CD,CD
20,Percy X,artist,Promo Only // Alternative Club June 03,no description,2003,5166510,CD,CD
20,Percy X,artist,Milk It  - The Best Of Death In Vegas,no description,2005,37390,varios,undefined
20,Percy X,artist,Life On Tokyo,no description,2006,730806,CD,CD
20,Percy X,artist,Life On Tokyo,no description,2006,31202086,CD,CD
20,Percy X,artist,Intergalactic Make Believe,no description,2013,25580038,"File, MP3, Mixed, 320",
20,Percy X,artist,City Noises XII: Raw Techno Cuts,no description,2017,1382764,varios,undefined
20,Percy X,artist,You Are Here,no description,2017,464758,CD,CD
20,Percy X,artist,Remixes,no description,2017,6724829,CD,CD
20,Percy X,artist,Prime Cuts: Music For The New Electronic Generation - Volume 2,no description,1995,15856,CD,CD
21,Faze Action,artist,Full Motion,jazz,1995,566692,varios,undefined
21,Faze Action,artist,In The Trees,jazz,1996,104975,varios,undefined
21,Faze Action,artist,Turn The Point,jazz,1996,83001,varios,undefined
21,Faze Action,artist,Plans & Designs,jazz,1997,83010,varios,undefined
21,Faze Action,artist,Sylvie,jazz,1998,32784,varios,undefined
21,Faze Action,artist,Kariba,jazz,1998,83017,varios,undefined
21,Faze Action,artist,Through The Skies,jazz,1998,116041,varios,undefined
21,Faze Action,artist,Got To Find A Way,jazz,1999,104973,varios,undefined
21,Faze Action,artist,Moving Cities,jazz,1999,104980,varios,undefined
21,Faze Action,artist,Moving Cities,jazz,1999,104982,varios,undefined
21,Faze Action,artist,Samba,jazz,1999,104984,varios,undefined
21,Faze Action,artist,Abstract Funk Theory,jazz,2001,104972,varios,undefined
21,Faze Action,artist,Pure Braziliance,jazz,2001,1030639,varios,undefined
21,Faze Action,artist,Remix Showreel,jazz,2002,9478426,CD,CD
21,Faze Action,artist,We Don't Know How,jazz,2004,104985,varios,undefined
21,Faze Action,artist,Broad Souls,jazz,2004,325208,varios,undefined
21,Faze Action,artist,Kariba (2005) / Essence Of Life,jazz,2005,487009,CD,CD
21,Faze Action,artist,Flim Flam / In The Trees,jazz,2005,786116,varios,undefined
21,Faze Action,artist,Waiting Is Over,jazz,2005,1836286,varios,undefined
21,Faze Action,artist,Later,jazz,2006,765954,CD,CD
21,Faze Action,artist,Keep It Coming,jazz,2006,862162,"12"", Promo, W/Lbl",
21,Faze Action,artist,Disco Warrior,jazz,2007,499073,varios,undefined
21,Faze Action,artist,Stratus Energy,jazz,2007,1251231,varios,undefined
21,Faze Action,artist,Spark / Hypnotic,jazz,2008,948861,varios,undefined
21,Faze Action,artist,Original Disco Motion,jazz,2008,215328,varios,undefined
21,Faze Action,artist,Good Lovin',jazz,2009,3423829,varios,undefined
21,Faze Action,artist,I Wanna Dancer,jazz,2009,588094,varios,undefined
21,Faze Action,artist,Stratus Energy,jazz,2009,1311604,varios,undefined
21,Faze Action,artist,Remixed,jazz,2010,2502164,"5xFile, MP3, 320",
21,Faze Action,artist,deepbeep50,jazz,2010,3673517,"File, MP3, Mixed",
21,Faze Action,artist,Tattoo Man,jazz,2010,366905,varios,undefined
21,Faze Action,artist,Freak For Your Love,jazz,2012,3606119,"12""",Vinyl
21,Faze Action,artist,Prisoner Of Your Love,jazz,2014,6046211,"12""",Vinyl
21,Faze Action,artist,Body Of One EP1,jazz,2014,6703370,CD,CD
21,Faze Action,artist,Body Of One,jazz,2014,706584,varios,undefined
21,Faze Action,artist,To The Sunset & Beyond Vol. 1,jazz,2015,7674094,"16xFile, WAV, Comp",
21,Faze Action,artist,Remixes #1,jazz,2015,865694,varios,undefined
21,Faze Action,artist,Mangwana,jazz,2016,8440418,"12""",Vinyl
21,Faze Action,artist,To The Sunset & Beyond Vol 2,jazz,2016,22745825,"15xFile, ALAC, Comp",
21,Faze Action,artist,Vamos Pintar (Let's Paint),jazz,2017,1276590,varios,undefined
21,Faze Action,artist,Under The Influence Volume Six (A Collection Of Rare Soul & Disco),jazz,2018,1371682,varios,undefined
21,Faze Action,artist,Kubatana,jazz,2019,13746832,"12""",Vinyl
21,Faze Action,artist,Sununguka,jazz,2020,15162397,"12""",Vinyl
21,Faze Action,artist,The Balearic Sounds Of FAR (A Journey Through The Sunshine Sounds Of Faze Action Records),jazz,2021,2499766,varios,undefined
21,Faze Action,artist,Paradise,jazz,2022,23707193,"12""",Vinyl
21,Faze Action,artist,Maswera,jazz,2022,25472773,"12""",Vinyl
21,Faze Action,artist,Fantasy,jazz,2023,27917436,"7""",Vinyl
21,Faze Action,artist,The Balearic Sounds Of FAR Vol.2 (A Further Journey Through The Sunshine Sounds Of Faze Action Records),jazz,2023,3191421,varios,undefined
21,Faze Action,artist,Faze Action,jazz,2023,2791956,CD,CD
21,Faze Action,artist,Guts! Remix,jazz,1996,321872,"12""",Vinyl
22,DATacide,artist,The Extasy Of Communication,"trance, ambient, jazz, electronic, techno",1993,61081,"12"", Maxi",Vinyl
22,DATacide,artist,Datacide,"trance, ambient, jazz, electronic, techno",1993,1800425,varios,undefined
22,DATacide,artist,Datacide,"trance, ambient, jazz, electronic, techno",1993,1901649,varios,undefined
22,DATacide,artist,Datacide II,"trance, ambient, jazz, electronic, techno",1994,269525,varios,undefined
22,DATacide,artist,Flowerhead,"trance, ambient, jazz, electronic, techno",1995,169944,varios,undefined
22,DATacide,artist,Ondas,"trance, ambient, jazz, electronic, techno",1996,80265,varios,undefined
22,DATacide,artist,V1,"trance, ambient, jazz, electronic, techno",1992,30144,CD,CD
22,DATacide,artist,Pod Versus Trigger - Battle Of The Labels,"trance, ambient, jazz, electronic, techno",1993,151516,CD,CD
22,DATacide,artist,Delirium 301,"trance, ambient, jazz, electronic, techno",1993,499020,CD,CD
22,DATacide,artist,Pod Communication Presents Atom Heart (The Techno Evolution Continues),"trance, ambient, jazz, electronic, techno",1993,718917,varios,undefined
22,DATacide,artist,FAX Compilation,"trance, ambient, jazz, electronic, techno",1994,109575,CD,CD
22,DATacide,artist,PS Collectors Box,"trance, ambient, jazz, electronic, techno",1994,780783,"20x12"" + Box, Ltd, Num",Vinyl
22,DATacide,artist,Real Intelligence,"trance, ambient, jazz, electronic, techno",1995,135330,varios,undefined
22,DATacide,artist,The Ambient Cookbook,"trance, ambient, jazz, electronic, techno",1995,43086,varios,undefined
22,DATacide,artist,Real Intelligence II,"trance, ambient, jazz, electronic, techno",1996,49672,CD,CD
22,DATacide,artist,The Frankfurt Hardtrance History,"trance, ambient, jazz, electronic, techno",1996,209790,CD,CD
22,DATacide,artist,Synthetic Pleåsures Volume Two,"trance, ambient, jazz, electronic, techno",1997,190184,CD,CD
22,DATacide,artist,Modulations: Cinema For The Ear,"trance, ambient, jazz, electronic, techno",1998,21892,varios,undefined
22,DATacide,artist,Replicant Rumba Rockers (A Rather Interesting Mix),"trance, ambient, jazz, electronic, techno",2002,135316,varios,undefined
22,DATacide,artist,Uwe Schmidt Special,"trance, ambient, jazz, electronic, techno",2006,4001541,"File, MP3, Mixed, 160",
22,DATacide,artist,Dronecast 071,"trance, ambient, jazz, electronic, techno",2013,4969735,"File, MP3, Mixed, 320",
22,DATacide,artist,Sad Rave Volume 1,"trance, ambient, jazz, electronic, techno",2017,10846164,CD,CD
22,DATacide,artist,Global Thunder,"trance, ambient, jazz, electronic, techno",2017,7254597,CD,CD
23,Alex Hi-Fi,vendor,Satisfy,no description,1998,78666,"12""",Vinyl
23,Alex Hi-Fi,vendor,Axe Nightguide - The Ultimate Sound Of Nightlife,no description,1999,353179,CD,CD
23,Alex Hi-Fi,vendor,Sunshine & Happiness,no description,1999,138348,varios,undefined
23,Alex Hi-Fi,vendor,K Mart Shopping,no description,1999,405684,varios,undefined
23,Alex Hi-Fi,artist,Profound Sounds Vol. 1,"house, ambient, techno",1999,66526,varios,undefined
23,Alex Hi-Fi,vendor,Stay With Me,no description,2009,511048,varios,undefined
23,Alex Hi-Fi,vendor,Dance It Down,no description,2009,1621836,varios,undefined
23,Alex Hi-Fi,vendor,Lupin Theme (Enjoy Yourself),no description,2009,1705912,varios,undefined
23,Alex Hi-Fi,vendor,Filtered Club,no description,1999,443517,CD,CD
23,Alex Hi-Fi,vendor,Stay With Me,no description,1999,511048,varios,undefined
23,Alex Hi-Fi,vendor,Sunshine & Happiness,no description,1999,138348,varios,undefined
23,Alex Hi-Fi,vendor,I Don't Want To Go To Heaven,no description,2000,2118041,"12""",Vinyl
23,Alex Hi-Fi,vendor,Balcanio,no description,2000,395395,varios,undefined
23,Alex Hi-Fi,vendor,Dum Dum / Stay With Me,no description,2000,2118008,"12""",Vinyl
23,Alex Hi-Fi,vendor,Lupin Theme (Enjoy Yourself),no description,2000,1705912,varios,undefined
23,Alex Hi-Fi,vendor,Sunshine & Happiness,no description,1999,138348,varios,undefined
23,Alex Hi-Fi,vendor,I Don't Want To Go To Heaven,no description,2000,2118041,"12""",Vinyl
23,Alex Hi-Fi,vendor,Balcanio,no description,2000,395395,varios,undefined
23,Alex Hi-Fi,vendor,Lupin Theme (Enjoy Yourself),no description,2000,1705912,varios,undefined
23,Alex Hi-Fi,artist,Profound Sounds Vol. 1,"house, ambient, techno",1999,66526,varios,undefined
24,Atom Heart,artist,Whitehouse,electronic,1991,19270,varios,undefined
24,Atom Heart,artist,V1,electronic,1992,30144,CD,CD
24,Atom Heart,artist,Mother,electronic,1992,86766,varios,undefined
24,Atom Heart,artist,Globescanner,electronic,1993,19353,"12""",Vinyl
24,Atom Heart,artist,Pod Communication Presents Atom Heart (The Techno Evolution Continues),electronic,1993,718917,varios,undefined
24,Atom Heart,artist, Datacide ,electronic,1993,1901649,varios,undefined
24,Atom Heart,artist,Pure Function,electronic,1993,1371324,varios,undefined
24,Atom Heart,artist,Elektroniikkaa 1&2 / Electronique,electronic,1993,40149,varios,undefined
24,Atom Heart,artist,Baud / XXX,electronic,1993,291126,varios,undefined
24,Atom Heart,artist,Larger Than Life,electronic,1993,6565,varios,undefined
24,Atom Heart,artist,Subsequence 4,electronic,1993,865706,varios,undefined
24,Atom Heart,artist,Live At Sel i/s/c,electronic,1994,1160774,varios,undefined
24,Atom Heart,artist,Morphogenetic Fields,electronic,1994,86760,varios,undefined
24,Atom Heart,artist,Milagro EP,electronic,1994,86765,varios,undefined
24,Atom Heart,artist,Untitled,electronic,1994,17683,varios,undefined
24,Atom Heart,artist,Orange [Monochrome Stills],electronic,1994,328068,varios,undefined
24,Atom Heart,artist,b² (Atom Heart Live Berlin / Barcelona),electronic,1995,1161146,varios,undefined
24,Atom Heart,artist,Apart,electronic,1996,86764,varios,undefined
24,Atom Heart,artist,Shellglove,electronic,1996,2302903,varios,undefined
24,Atom Heart,artist,Micropossessed,electronic,1997,283931,varios,undefined
24,Atom Heart,artist,Second Nature,electronic,1999,146316,varios,undefined
24,Atom Heart,artist,Volume 1 (The Singles 1991-2000),electronic,2007,1025699,CD,CD
24,Atom Heart,artist,Volume 1 - The Singles 1991-2000 (Additional Tracks - Online Only),electronic,2007,3526987,"18xFile, MP3, Comp, 320",
24,Atom Heart,artist,Atom™: Mole C,electronic,2009,2303779,varios,undefined
24,Atom Heart,artist,Volume 2 (The Solicited Tracks 1996-2006),electronic,2010,2456267,CD,CD
24,Atom Heart,artist,Datacide II,electronic,2010,269525,varios,undefined
24,Atom Heart,artist,PICTURE / DISK EDITION 4 ,electronic,2017,10005795,"7"", S/Sided, Single, Dlx, Num, Pic, RM, S/Edition",Vinyl
24,Atom Heart,artist,The Singles 1993/94,electronic,2019,20271589,"18xFile, FLAC, Comp, RM",
24,Atom Heart,artist,Trax,electronic,1992,128685,varios,undefined
24,Atom Heart,artist,Snap Your Fingers Break Your Back (The Remix EP),electronic,1993,37496,varios,undefined
24,Atom Heart,artist,Whose Fist Is This Anyway?,electronic,1994,2268893,CD,CD
24,Atom Heart,artist,Insanity,electronic,1994,3069806,varios,undefined
24,Atom Heart,artist,Andromeda (The Updates),electronic,1994,235491,varios,undefined
24,Atom Heart,artist,Sieg Über Die Sonne Decomposed,electronic,1995,86714,varios,undefined
24,Atom Heart,artist,;Modern.XX.) V.2,electronic,1996,492742,"12""",Vinyl
24,Atom Heart,artist,Modern,electronic,1996,504881,varios,undefined
24,Atom Heart,artist,Arcane,electronic,1996,35193,varios,undefined
24,Atom Heart,artist,Machine,electronic,1997,164665,"12""",Vinyl
24,Atom Heart,artist,Oscillations (Remixes),electronic,1997,13365,varios,undefined
24,Atom Heart,artist,1 Infinite Remixe,electronic,1997,86718,varios,undefined
24,Atom Heart,artist,The Ballad,electronic,1998,147502,CD,CD
24,Atom Heart,artist,La Pollera Colorá,electronic,1998,11953899,CD,CD
24,Atom Heart,artist,The Human Germ,electronic,1998,1767879,varios,undefined
24,Atom Heart,artist,Springer,electronic,1998,2163679,varios,undefined
24,Atom Heart,artist,"I Snog, Therefore I Am...",electronic,1999,21053,varios,undefined
24,Atom Heart,artist,Take Me Away,electronic,2000,344336,varios,undefined
24,Atom Heart,artist,Musikexpress 50 - Force Inc. Music Works,electronic,2001,249638,CD,CD
24,Atom Heart,artist,Trace Of Red Curb,electronic,2001,51060,varios,undefined
24,Atom Heart,artist,re*Pink - Bonnie Pink Remix*es,electronic,2002,623099,CD,CD
24,Atom Heart,artist,Houndog,electronic,2004,1624401,"12"", EP",Vinyl
25,Tetsu Inoue,vendor,Untitled,no description,1992,2163715,varios,undefined
25,Tetsu Inoue,artist, Datacide ,electronic,1993,1901649,varios,undefined
25,Tetsu Inoue,vendor,Cymatic Scan,no description,1995,146313,varios,undefined
25,Tetsu Inoue,vendor,Slow And Low,no description,1995,45017,varios,undefined
25,Tetsu Inoue,vendor,World Receiver,no description,1996,45050,varios,undefined
25,Tetsu Inoue,vendor,Instant Replay,no description,1997,96804,CD,CD
25,Tetsu Inoue,vendor,Psycho-Acoustic,no description,1998,129355,CD,CD
25,Tetsu Inoue,vendor,Waterloo Terminal,no description,1998,45053,varios,undefined
25,Tetsu Inoue,artist,Second Nature,electronic,1999,146316,varios,undefined
25,Tetsu Inoue,vendor,Audio,no description,2000,52743,CD,CD
25,Tetsu Inoue,vendor,Active / Freeze,no description,2000,68347,CD,CD
25,Tetsu Inoue,vendor,Fragment Dots,no description,2000,104944,CD,CD
25,Tetsu Inoue,vendor,Ambiant Otaku,no description,2000,45022,varios,undefined
25,Tetsu Inoue,vendor,pict.soul,no description,2001,208470,CD,CD
25,Tetsu Inoue,vendor,Object And Organic Code,no description,2001,576177,CD,CD
25,Tetsu Inoue,vendor,Field Tracker,no description,2001,211665,varios,undefined
25,Tetsu Inoue,vendor,Humming Bird Feeder Ver 0.2,no description,2002,408282,CD,CD
25,Tetsu Inoue,vendor,Shades Of Orion 2,no description,2002,90705,varios,undefined
25,Tetsu Inoue,vendor,Organic Cloud,no description,2003,45057,varios,undefined
25,Tetsu Inoue,vendor,Shades Of Orion 3,no description,2003,90706,varios,undefined
25,Tetsu Inoue,vendor,Installation Sound,no description,2004,570744,CD,CD
25,Tetsu Inoue,vendor,Yolo,no description,2005,2298130,varios,undefined
25,Tetsu Inoue,vendor,Inland,no description,2007,476962,varios,undefined
25,Tetsu Inoue,vendor,Time²,no description,2009,146285,varios,undefined
25,Tetsu Inoue,artist,Datacide II,electronic,2010,269525,varios,undefined
25,Tetsu Inoue,vendor,62 Eulengasse,no description,2010,245865,varios,undefined
25,Tetsu Inoue,vendor,Electro Harmonix,no description,2012,489344,varios,undefined
25,Tetsu Inoue,vendor,Vega Libre,no description,2007,27279,varios,undefined
25,Tetsu Inoue,vendor,Healing Emplinx,no description,2014,5879638,"File, MP3, Mixed, 320",
25,Tetsu Inoue,vendor,The Frequency Sex EP,no description,1991,109508,"12"", EP",Vinyl
25,Tetsu Inoue,vendor,Best Of Techno - Volume One,no description,1991,56173,varios,undefined
25,Tetsu Inoue,vendor,Best Of Techno - Volume Two,no description,1992,137117,varios,undefined
25,Tetsu Inoue,vendor,Gunafa 2000,no description,1992,86754,varios,undefined
25,Tetsu Inoue,vendor,Trance Odyssey,no description,1993,697387,CD,CD
25,Tetsu Inoue,vendor,Trance Odyssey,no description,1993,1679333,varios,undefined
25,Tetsu Inoue,vendor,Peace Of Mind,no description,1993,132455,varios,undefined
25,Tetsu Inoue,vendor,Instant Enlightenment (Deep Trance Ambient Experience),no description,1993,132457,varios,undefined
25,Tetsu Inoue,vendor,Instant Enlightenment,no description,1994,139204,"12""",Vinyl
25,Tetsu Inoue,vendor,Ambient Systems II,no description,1996,35671,CD,CD
25,Tetsu Inoue,artist,Real Intelligence II,"trance, ambient, jazz, electronic, techno",1996,49672,CD,CD
25,Tetsu Inoue,vendor,Tokyo - Frankfurt - New York,no description,1996,135295,varios,undefined
25,Tetsu Inoue,vendor,Ambient Systems 3,no description,1997,172480,CD,CD
25,Tetsu Inoue,artist,Replicant Rumba Rockers (A Rather Interesting Mix),"trance, ambient, jazz, electronic, techno",2002,135316,varios,undefined
25,Tetsu Inoue,vendor,Zenith,no description,2010,249916,varios,undefined
25,Tetsu Inoue,vendor,Chill Vol. 1,no description,2010,725780,CD,CD
25,Tetsu Inoue,vendor,“Time Slip”,no description,1992,27876312,CD,CD
25,Tetsu Inoue,artist,Datacide II,electronic,1994,269525,varios,undefined
25,Tetsu Inoue,vendor,At Last!,no description,1982,6577127,"12"", EP",Vinyl
25,Tetsu Inoue,vendor,The View From Here: The San Francisco Compilation,no description,1987,1371043,varios,undefined
25,Tetsu Inoue,vendor,The Frequency Sex EP,no description,1991,109508,"12"", EP",Vinyl
26,Alexi Delano,artist,Not For Release Traxx 1,"house, electronic, techno",1995,137274,"12""",Vinyl
26,Alexi Delano,artist,Keep On Coming,"house, electronic, techno",1995,237229,"12""",Vinyl
26,Alexi Delano,artist,Colour Clash,"house, electronic, techno",1995,310033,varios,undefined
26,Alexi Delano,artist,Madness Continuum,"house, electronic, techno",1996,20206,"12""",Vinyl
26,Alexi Delano,artist,10 Inch Madness,"house, electronic, techno",1996,907669,varios,undefined
26,Alexi Delano,artist,Soñando,"house, electronic, techno",1997,1482651,varios,undefined
26,Alexi Delano,artist,Everybody Dance,"house, electronic, techno",1998,353392,varios,undefined
26,Alexi Delano,artist,Gentlemen Of Leisure,"house, electronic, techno",1998,699294,varios,undefined
26,Alexi Delano,artist,Nueva York,"house, electronic, techno",1999,325652,varios,undefined
26,Alexi Delano,artist,Falling EP,"house, electronic, techno",1999,394594,varios,undefined
26,Alexi Delano,artist,Duets 1,"house, electronic, techno",2001,19371,"12""",Vinyl
26,Alexi Delano,artist,You And Me,"house, electronic, techno",2002,83973,"12"", Ltd, Promo",
26,Alexi Delano,artist,Round And Round,"house, electronic, techno",2002,712386,varios,undefined
26,Alexi Delano,artist,Against The Wall,"house, electronic, techno",2003,356906,varios,undefined
26,Alexi Delano,artist,Right Before You,"house, electronic, techno",2003,90679,varios,undefined
26,Alexi Delano,artist,East Side Scientific EP,"house, electronic, techno",2003,2867,varios,undefined
26,Alexi Delano,artist,MAD ADNY Part 2: I'm Gonna Get You,"house, electronic, techno",2004,1013854,varios,undefined
26,Alexi Delano,artist,MAD ADNY Part 1: If You Dig It (+ Remixes),"house, electronic, techno",2004,1837976,varios,undefined
26,Alexi Delano,artist,The Acid Sessions,"house, electronic, techno",2005,442058,"12""",Vinyl
26,Alexi Delano,artist,Second Stage / Lexeye,"house, electronic, techno",2005,811654,"12"", Ltd",Vinyl
26,Alexi Delano,artist,The Return Of The Lazyman,"house, electronic, techno",2005,1653953,"12"", MP, W/Lbl",Vinyl
26,Alexi Delano,artist,The Acid Sessions 2,"house, electronic, techno",2005,290345,varios,undefined
26,Alexi Delano,artist,The Acid Sessions 3,"house, electronic, techno",2005,280126,varios,undefined
26,Alexi Delano,artist,Niiro / Koushoku,"house, electronic, techno",2005,188662,varios,undefined
26,Alexi Delano,artist,Interactions,"house, electronic, techno",2005,376740,varios,undefined
26,Alexi Delano,artist,The Archives EP,"house, electronic, techno",2005,733613,varios,undefined
26,Alexi Delano,artist,Stories Of An Alien Brother,"house, electronic, techno",2006,732524,CD,CD
26,Alexi Delano,artist,Taste It (Unreleased WMC 2006 Remixes),"house, electronic, techno",2006,1209407,CD,CD
26,Alexi Delano,artist,DJ Mix,"house, electronic, techno",2006,1649805,CD,CD
26,Alexi Delano,artist,Taste NYC EP,"house, electronic, techno",2006,70429,varios,undefined
26,Alexi Delano,artist,Nowhere,"house, electronic, techno",2006,2878,varios,undefined
26,Alexi Delano,artist,What's Your Number?,"house, electronic, techno",2006,916832,varios,undefined
26,Alexi Delano,artist,Space For Bass,"house, electronic, techno",2006,233885,varios,undefined
26,Alexi Delano,artist,Too Far Gone,"house, electronic, techno",2006,733614,varios,undefined
26,Alexi Delano,artist,Brooklyn Social E.P.,"house, electronic, techno",2007,1131621,"12"", EP",Vinyl
26,Alexi Delano,artist,One Each E.P,"house, electronic, techno",2007,1157907,"12"", EP, Ltd",Vinyl
26,Alexi Delano,artist,What Is Control,"house, electronic, techno",2007,469654,varios,undefined
26,Alexi Delano,artist,Lost4Words,"house, electronic, techno",2007,917336,varios,undefined
26,Alexi Delano,artist,The Acid Sessions Vol. 4,"house, electronic, techno",2007,923024,varios,undefined
26,Alexi Delano,artist,Chris Fortier - Remix EP 1,"house, electronic, techno",2007,133532,varios,undefined
26,Alexi Delano,artist,Shutter-Clicker E.P,"house, electronic, techno",2008,2495715,"12"", EP",Vinyl
26,Alexi Delano,artist,Acid Burning,"house, electronic, techno",2008,8521288,"File, AIFF, Single",
26,Alexi Delano,artist,Path Of The Least Resistance EP,"house, electronic, techno",2008,1945101,varios,undefined
26,Alexi Delano,artist,Machine Run E.P.,"house, electronic, techno",2008,118838,varios,undefined
26,Alexi Delano,artist,Sour Impressions EP,"house, electronic, techno",2008,11048,varios,undefined
26,Alexi Delano,artist,Curly Wurly,"house, electronic, techno",2009,2408449,"4xFile, MP3",
26,Alexi Delano,artist,Shutter Clicker,"house, electronic, techno",2009,16283764,"2xFile, MP3, 320",
26,Alexi Delano,artist,Adjust The Frequency,"house, electronic, techno",2009,262582,varios,undefined
26,Alexi Delano,artist,Slipping Through The Cracks EP,"house, electronic, techno",2009,239593,varios,undefined
26,Alexi Delano,artist,"Wait, What","house, electronic, techno",2010,2425824,"4xFile, MP3, 320",
27,Cari Lekebusch,artist,Output 1,"house, soul, electronic, pop, techno",1993,63533,varios,undefined
27,Cari Lekebusch,artist,Output 2,"house, soul, electronic, pop, techno",1994,904799,varios,undefined
27,Cari Lekebusch,artist,Live And Direct,"house, soul, electronic, pop, techno",1995,83331,"2x12""",Vinyl
27,Cari Lekebusch,artist,For Those Who Know,"house, soul, electronic, pop, techno",1995,63535,varios,undefined
27,Cari Lekebusch,artist,Drum And Noise Style,"house, soul, electronic, pop, techno",1995,104049,varios,undefined
27,Cari Lekebusch,artist,And From The Groove Came A Groove Of All Grooves...,"house, soul, electronic, pop, techno",1996,162814,"12""",Vinyl
27,Cari Lekebusch,artist,Low Profiles,"house, soul, electronic, pop, techno",1996,817293,varios,undefined
27,Cari Lekebusch,artist,Intensity,"house, soul, electronic, pop, techno",1996,832724,varios,undefined
27,Cari Lekebusch,artist,In Stockholm We Dwell,"house, soul, electronic, pop, techno",1996,711956,varios,undefined
27,Cari Lekebusch,artist,Nar Dimman Sanker Sig,"house, soul, electronic, pop, techno",1996,1436968,varios,undefined
27,Cari Lekebusch,artist,Tracks & Fragments,"house, soul, electronic, pop, techno",1996,1276205,varios,undefined
27,Cari Lekebusch,artist,Vänsterprassel Me´,"house, soul, electronic, pop, techno",1997,516674,varios,undefined
27,Cari Lekebusch,artist,Reverted / Återkommen,"house, soul, electronic, pop, techno",1997,104056,varios,undefined
27,Cari Lekebusch,artist,Vet Dom Som För Att (Know They For Because),"house, soul, electronic, pop, techno",1997,104058,varios,undefined
27,Cari Lekebusch,artist,Ej Till Försäljning,"house, soul, electronic, pop, techno",1997,832716,varios,undefined
27,Cari Lekebusch,artist,Råhångel Me´,"house, soul, electronic, pop, techno",1997,796380,varios,undefined
27,Cari Lekebusch,artist,C-Theories,"house, soul, electronic, pop, techno",1997,255960,varios,undefined
27,Cari Lekebusch,artist,Extended Playtime,"house, soul, electronic, pop, techno",1998,37782,"12""",Vinyl
27,Cari Lekebusch,artist,Untitled,"house, soul, electronic, pop, techno",1998,3316049,"12"", W/Lbl",Vinyl
27,Cari Lekebusch,artist,Precious Moments,"house, soul, electronic, pop, techno",1998,1078807,varios,undefined
27,Cari Lekebusch,artist,Acknowledgements,"house, soul, electronic, pop, techno",1998,3317347,varios,undefined
27,Cari Lekebusch,artist,Split EP Remixes,"house, soul, electronic, pop, techno",1998,935587,varios,undefined
27,Cari Lekebusch,artist,Moving Style,"house, soul, electronic, pop, techno",1998,326390,varios,undefined
27,Cari Lekebusch,artist,Split EP,"house, soul, electronic, pop, techno",1998,72471,varios,undefined
27,Cari Lekebusch,artist,Basgunga,"house, soul, electronic, pop, techno",1998,415556,varios,undefined
27,Cari Lekebusch,artist,Food For Thoughts,"house, soul, electronic, pop, techno",1998,1332148,varios,undefined
27,Cari Lekebusch,artist,Det Jag Vet,"house, soul, electronic, pop, techno",1999,68667,CD,CD
27,Cari Lekebusch,artist,Universalsessions - Instrumentalicks,"house, soul, electronic, pop, techno",1999,104053,varios,undefined
27,Cari Lekebusch,artist,Universal Sessions,"house, soul, electronic, pop, techno",1999,2861245,varios,undefined
27,Cari Lekebusch,artist,Parallel Content,"house, soul, electronic, pop, techno",1999,1623327,varios,undefined
27,Cari Lekebusch,artist,Galactick Intafase,"house, soul, electronic, pop, techno",1999,2860936,varios,undefined
27,Cari Lekebusch,artist,Free From Form,"house, soul, electronic, pop, techno",1999,2279839,varios,undefined
27,Cari Lekebusch,artist,Descent,"house, soul, electronic, pop, techno",1999,263128,varios,undefined
27,Cari Lekebusch,artist,The Circle EP,"house, soul, electronic, pop, techno",2000,63536,varios,undefined
27,Cari Lekebusch,artist,Motvik,"house, soul, electronic, pop, techno",2000,3136146,varios,undefined
27,Cari Lekebusch,artist,Well Of Infinity,"house, soul, electronic, pop, techno",2000,16044,varios,undefined
27,Cari Lekebusch,artist,Reanimations,"house, soul, electronic, pop, techno",2000,312058,varios,undefined
27,Cari Lekebusch,artist,Chaos & Order,"house, soul, electronic, pop, techno",2000,104330,varios,undefined
27,Cari Lekebusch,artist,The Progamator,"house, soul, electronic, pop, techno",2000,1148318,varios,undefined
27,Cari Lekebusch,artist,Roadworx,"house, soul, electronic, pop, techno",2001,225874,varios,undefined
27,Cari Lekebusch,artist,Exotixc EP,"house, soul, electronic, pop, techno",2001,16053,varios,undefined
27,Cari Lekebusch,artist,Reverted / Återkommen-Part II,"house, soul, electronic, pop, techno",2002,31410,"12""",Vinyl
27,Cari Lekebusch,artist,Reverted Collection 2002,"house, soul, electronic, pop, techno",2002,188764,CD,CD
27,Cari Lekebusch,artist,4WD,"house, soul, electronic, pop, techno",2002,63537,varios,undefined
27,Cari Lekebusch,artist,Body Mechanics EP,"house, soul, electronic, pop, techno",2002,63538,varios,undefined
27,Cari Lekebusch,artist,Son Of Two EP,"house, soul, electronic, pop, techno",2002,516676,varios,undefined
27,Cari Lekebusch,artist,Enter The Dragon EP,"house, soul, electronic, pop, techno",2002,16078,varios,undefined
27,Cari Lekebusch,artist,Woman EP,"house, soul, electronic, pop, techno",2002,16103,varios,undefined
28,Moonchildren,vendor,Moonchildren EP,no description,2000,267770,varios,undefined
28,Moonchildren,vendor,Beyond Love,no description,2000,623486,varios,undefined
28,Moonchildren,vendor,Rapid Eye Movement,no description,2001,16921,"12"", MiniAlbum",Vinyl
28,Moonchildren,vendor,Go Away,no description,2012,3365188,"12"", W/Lbl",Vinyl
28,Moonchildren,vendor,Sweetness You Bring,no description,2016,1062744,varios,undefined
28,Moonchildren,vendor,Brink Of Insanity,no description,2018,1494640,varios,undefined
28,Moonchildren,vendor,Sweetness You Bring,no description,2000,1062744,varios,undefined
28,Moonchildren,vendor,Tried To Be Good,no description,2001,9173,"12"", MiniAlbum",Vinyl
28,Moonchildren,vendor,Stockholm Mix Sessions 2,no description,2000,1594284,varios,undefined
28,Moonchildren,vendor,Chill House 7,no description,2001,3595556,varios,undefined
28,Moonchildren,vendor,Deepburnt,no description,2001,155290,varios,undefined
28,Moonchildren,vendor,Adorable Pitch Adjust Lounge Comp. 01,no description,2002,690469,CD,CD
28,Moonchildren,vendor,Deep House Vol. 4 - Harley & Muscle In The Mix,no description,2003,796015,CD,CD
28,Moonchildren,vendor,Deep Space,no description,2003,22902977,"Cass, Mixed",Cassette
